stock_code,suspension_days,sample_rows,sample_start,sample_end
600150,14,727,2023-01-03,2025-12-31
601088,10,727,2023-01-03,2025-12-31
601298,6,727,2023-01-03,2025-12-31
002157,3,727,2023-01-03,2025-12-31
000039,0,727,2023-01-03,2025-12-31
000333,0,727,2023-01-03,2025-12-31
000876,0,727,2023-01-03,2025-12-31
000895,0,727,2023-01-03,2025-12-31
001205,0,727,2023-01-03,2025-12-31
001872,0,727,2023-01-03,2025-12-31
002100,0,727,2023-01-03,2025-12-31
002129,0,727,2023-01-03,2025-12-31
002202,0,727,2023-01-03,2025-12-31
002299,0,727,2023-01-03,2025-12-31
002460,0,727,2023-01-03,2025-12-31
002466,0,727,2023-01-03,2025-12-31
002567,0,727,2023-01-03,2025-12-31
002594,0,727,2023-01-03,2025-12-31
002714,0,727,2023-01-03,2025-12-31
002840,0,727,2023-01-03,2025-12-31
300014,0,727,2023-01-03,2025-12-31
300274,0,727,2023-01-03,2025-12-31
300498,0,727,2023-01-03,2025-12-31
300750,0,727,2023-01-03,2025-12-31
300760,0,727,2023-01-03,2025-12-31
300761,0,727,2023-01-03,2025-12-31
600018,0,727,2023-01-03,2025-12-31
600026,0,727,2023-01-03,2025-12-31
600030,0,727,2023-01-03,2025-12-31
600036,0,727,2023-01-03,2025-12-31
600438,0,727,2023-01-03,2025-12-31
600519,0,727,2023-01-03,2025-12-31
600900,0,727,2023-01-03,2025-12-31
600905,0,727,2023-01-03,2025-12-31
600975,0,727,2023-01-03,2025-12-31
601012,0,727,2023-01-03,2025-12-31
601018,0,727,2023-01-03,2025-12-31
601318,0,727,2023-01-03,2025-12-31
601398,0,727,2023-01-03,2025-12-31
601628,0,727,2023-01-03,2025-12-31
601872,0,727,2023-01-03,2025-12-31
601899,0,727,2023-01-03,2025-12-31
601919,0,727,2023-01-03,2025-12-31
603167,0,727,2023-01-03,2025-12-31
603477,0,727,2023-01-03,2025-12-31
603799,0,727,2023-01-03,2025-12-31
605296,0,727,2023-01-03,2025-12-31
688223,0,727,2023-01-03,2025-12-31
688303,0,727,2023-01-03,2025-12-31
688599,0,727,2023-01-03,2025-12-31
