trade_date,code_000333,code_601318,code_000895,code_601398
2023-01-03,44.86177736,40.6991256,20.9413092,3.54031589
2023-01-04,46.4788075,41.89031952,20.892438,3.58138684
2023-01-05,47.48188502,42.23559312,21.0390516,3.55674427
2023-01-06,46.70363522,42.93477216,20.9005832,3.56495846
2023-01-09,46.79010742,43.94469744,20.9250188,3.55674427
2023-01-10,46.262627,42.47728464,20.8761476,3.5321017
2023-01-11,47.127349,43.7634288,20.6155012,3.54031589
2023-01-12,47.36082394,43.94469744,20.5014684,3.5321017
2023-01-13,48.3811959,45.1876824,21.0227612,3.56495846
2023-01-16,49.8944594,44.96325456,21.3567144,3.56495846
2023-01-17,50.153876,44.453976,21.0797776,3.55674427
2023-01-18,49.8079872,44.4971352,20.851712,3.56495846
2023-01-19,49.61774836,44.72156304,20.9087284,3.55674427
2023-01-20,49.35833176,44.9718864,20.851712,3.55674427
2023-01-30,48.1217793,44.43671232,20.9168736,3.54853008
2023-01-31,47.7326544,44.00512032,20.77026,3.54853008
2023-02-01,47.992071,44.3244984,21.0309064,3.54031589
2023-02-02,46.66039912,43.87564272,21.1205036,3.5321017
2023-02-03,46.09832982,42.8139264,20.77026,3.5321017
2023-02-06,44.3170025,41.57094144,20.4933232,3.52388751
2023-02-07,44.533183,42.0370608,20.5340492,3.52388751
2023-02-08,44.10946922,41.864424,20.4281616,3.5321017
2023-02-09,44.55912466,42.57223488,20.5177588,3.5321017
2023-02-10,44.63694964,42.5549712,20.5992108,3.54031589
2023-02-13,45.34602168,42.511812,20.9575996,3.52388751
2023-02-14,45.14713562,43.0728816,21.3241336,3.5321017
2023-02-15,44.4034747,42.19243392,21.3159884,3.52388751
2023-02-16,44.34294416,42.4686528,21.0797776,3.51567332
2023-02-17,44.42941636,42.1233792,21.1693748,3.51567332
2023-02-20,46.0896826,43.1160408,21.5196184,3.54031589
2023-02-21,46.29721588,43.16783184,21.7558292,3.54853008
2023-02-22,45.64002716,42.45138912,21.7721196,3.5321017
2023-02-23,46.15021314,42.27875232,21.8047004,3.5321017
2023-02-24,45.81297156,41.6054688,21.6336512,3.52388751
2023-02-27,45.3114328,41.2601952,21.58478,3.52388751
2023-02-28,45.36331612,41.6054688,21.5684896,3.5321017
2023-03-01,47.23111564,43.15056816,21.8617168,3.5321017
2023-03-02,47.4300017,43.3318368,21.7151032,3.54853008
2023-03-03,47.7326544,43.40089152,21.6499416,3.58138684
2023-03-06,46.54798526,41.93347872,21.6580868,3.57317265
2023-03-07,45.70920492,41.35514544,21.1123584,3.60602941
2023-03-08,45.21631338,40.76818032,21.014616,3.6142436
2023-03-09,45.5708494,40.25890176,20.8598572,3.59781522
2023-03-10,44.2305303,39.706464,20.648082,3.56495846
2023-03-13,45.01742732,40.138056,20.851712,3.6142436
2023-03-14,44.2305303,39.24034464,20.7784052,3.62245779
2023-03-15,43.63387212,39.6633048,20.8354216,3.66352874
2023-03-16,43.27068888,39.04181232,20.607356,3.71281388
2023-03-17,43.52145826,39.8791008,20.5177588,3.71281388
2023-03-20,43.61657768,39.34392672,20.200096,3.70459969
2023-03-21,45.0520162,39.71509584,20.5340492,3.65531455
2023-03-22,44.7061274,40.138056,20.5177588,3.71281388
2023-03-23,44.80989404,40.46606592,20.607356,3.71281388
2023-03-24,45.04336898,39.8791008,20.6725176,3.67995712
2023-03-27,44.8358357,39.69783216,20.648082,3.66352874
2023-03-28,44.17864698,39.60288192,20.7621148,3.68817131
2023-03-29,44.4467108,39.20581728,20.9250188,3.70459969
2023-03-30,47.10140734,39.25760832,20.9250188,3.71281388
2023-03-31,46.53069082,39.3611904,21.1286488,3.66352874
2023-04-03,47.29164618,39.43024512,21.1612296,3.65531455
2023-04-04,47.23976286,39.33529488,21.2671172,3.71281388
2023-04-06,46.71228244,38.91233472,21.38115,3.72102807
2023-04-07,47.28299896,39.38708592,21.2426816,3.72102807
2023-04-10,47.35217672,39.75825504,21.136794,3.73745645
2023-04-11,48.28607648,39.41298144,21.1449392,3.73745645
2023-04-12,47.992071,39.3611904,20.933164,3.78674159
2023-04-13,46.81604908,38.94686208,20.9983256,3.80316997
2023-04-14,46.64310468,39.26624016,20.933164,3.80316997
2023-04-17,47.92289324,40.98397632,21.1938104,3.88531187
2023-04-18,49.09891516,41.96800608,21.706958,3.91816863
2023-04-19,48.49360976,41.7781056,21.4544568,3.90995444
2023-04-20,49.32374288,42.11474736,21.503328,3.89352606
2023-04-21,49.1594457,40.34522016,21.3159884,3.8606693
2023-04-24,49.31509566,40.0517376,21.0390516,3.87709768
2023-04-25,49.8512233,39.78415056,21.2671172,3.90174025
2023-04-26,49.0297374,39.52519536,20.6155012,3.90174025
2023-04-27,49.51398172,43.47857808,20.9038409,3.90174025
2023-04-28,49.09891516,44.7129312,21.1582487,3.87709768
2023-05-05,47.84506826,46.46519472,21.10736714,4.09888081
2023-05-08,47.56835722,47.40606528,21.51441962,4.3535207
2023-05-09,47.3867656,46.16308032,21.59074196,4.32887813
2023-05-10,47.9055988,45.15315504,21.7094656,4.13173757
2023-05-11,47.9488349,45.1876824,21.48897884,4.107095
2023-05-12,48.26878204,44.25544368,21.44657754,4.09066662
2023-05-15,48.93461798,46.36161264,21.44657754,4.13995176
2023-05-16,47.8623627,45.9213888,21.87059054,4.11530919
2023-05-17,47.57700444,44.80788144,21.31089338,4.09888081
2023-05-18,47.55971,44.73019488,21.08192636,4.20566528
2023-05-19,48.2514876,44.05691136,21.20065,4.13995176
2023-05-22,49.03838462,44.38492128,21.624663,4.16459433
2023-05-23,48.3811959,43.0728816,21.48897884,4.04959567
2023-05-24,46.3490992,41.83852848,21.22609078,3.90995444
2023-05-25,46.70363522,41.7781056,21.17520922,3.89352606
2023-05-26,46.91981572,41.81263296,21.18368948,3.9428112
2023-05-29,46.2193909,41.46735936,21.0310448,3.98388215
2023-05-30,45.25090226,41.42420016,20.96320272,3.95923958
2023-05-31,44.38618026,40.569648,20.84447908,3.96745377
2023-06-01,44.39524896,40.9580808,20.63247258,3.99209634
2023-06-02,47.0377152,42.3823344,20.92080142,4.00852472
2023-06-05,48.98097216,41.87305584,20.79359752,4.07423824
2023-06-06,49.22614944,42.08885184,20.62399232,4.07423824
2023-06-07,50.170536,42.30464784,20.67487388,4.11530919
2023-06-08,51.65976096,42.87434928,20.92928168,4.18102271
2023-06-09,50.95147104,42.71034432,20.98016324,4.16459433
2023-06-12,52.0774704,42.78803088,21.09040662,4.08245243
2023-06-13,51.40550304,42.83982192,21.1158474,4.107095
2023-06-14,51.83229312,42.7508538,21.1158474,4.00031053
2023-06-15,52.667712,43.08004872,21.26001182,4.03316729
2023-06-16,52.9855344,43.2401976,21.14976844,4.00852472
2023-06-19,51.58711584,42.26151,20.88688038,3.96745377
2023-06-20,52.28632512,41.71878324,20.79359752,3.96745377
2023-06-21,52.92196992,41.49635424,20.75967648,3.98388215
2023-06-26,52.79484096,40.86465588,20.62399232,3.91816863
2023-06-27,54.20234016,41.1938508,20.6494331,3.95102539
2023-07-03,53.63025984,42.86651688,20.91232116,4.00852472
2023-07-04,53.4849696,42.6618822,20.91232116,3.96745377
2023-07-05,53.68474368,42.1280526,20.6918344,3.95923958
2023-07-06,53.00369568,42.0835668,20.54766998,3.91816863
2023-07-07,52.440696,42.00349236,20.62399232,3.90995444
2023-07-10,51.42366432,41.46966276,20.776637,3.91816863
2023-07-11,51.45090624,41.9945952,20.7342357,3.96745377
2023-07-12,51.84137376,42.07466964,20.59855154,3.95102539
2023-07-13,52.4860992,43.25799192,20.81055804,4.00031053
2023-07-14,52.17735744,43.27578624,20.776637,4.00031053
2023-07-17,51.87769632,42.7508538,20.66639362,4.00031294
2023-07-18,51.52355136,42.3504816,20.59007128,3.97405268
2023-07-19,52.78576032,42.50173332,20.63247258,3.99155952
2023-07-20,52.24092192,42.19033272,20.58159102,4.00906636
2023-07-21,51.87769632,41.78996052,20.7342357,4.00906636
2023-07-24,51.55079328,41.47855992,20.62399232,4.00031294
2023-07-25,53.55761472,44.0854278,20.81055804,4.04408004
2023-07-26,53.19438912,44.00535336,20.9462422,4.05283346
2023-07-27,53.10358272,44.37903408,20.91232116,4.1141074
2023-07-28,54.24774336,46.20295188,21.22609078,4.19288818
2023-07-31,53.86635648,46.7990616,21.40417624,4.17538134
2023-08-01,52.894728,46.03390584,21.38721572,4.18413476
2023-08-02,52.9401312,45.74029956,21.35329468,4.08784714
2023-08-03,52.64955072,46.63001556,21.48049858,4.13161424
2023-08-04,52.59506688,46.1762604,21.44657754,4.14912108
2023-08-07,52.55874432,45.9983172,21.42113676,4.12286082
2023-08-08,51.759648,45.60684216,21.53138014,4.09660056
2023-08-09,52.26816384,45.60684216,21.57378144,4.12286082
2023-08-10,51.1694064,45.69581376,21.56530118,4.10535398
2023-08-11,50.10697152,43.92527892,21.26849208,4.03532662
2023-08-14,50.34306816,43.17791748,21.18368948,3.99155952
2023-08-15,50.08881024,43.31137488,21.14976844,4.06158688
2023-08-16,50.15237472,43.0177686,21.76034716,4.06158688
2023-08-17,50.70629376,42.62629356,21.59922222,4.0265732
2023-08-18,49.75282656,42.27930432,21.43809728,4.03532662
2023-08-21,49.38052032,41.52304572,21.40417624,3.99155952
2023-08-22,49.37143968,41.816652,21.27697234,4.04408004
2023-08-23,48.78119808,41.33620536,21.27697234,4.06158688
2023-08-24,49.9889232,41.371794,21.73490638,4.01781978
2023-08-25,50.17961664,41.82554916,21.90451158,4.07909372
2023-08-28,50.99687424,42.80423676,22.1758799,4.14036766
2023-08-29,50.8969872,43.20460896,22.37940614,4.05283346
2023-08-30,51.59619648,42.928797,22.75253758,4.01781978
2023-08-31,51.31469664,43.40924364,22.77797836,4.04408004
2023-09-01,52.60414752,44.5747716,22.80341914,4.00031294
2023-09-04,52.86748608,45.7758882,22.58293238,4.0265732
2023-09-05,52.46793792,44.6637432,22.71861654,4.01781978
2023-09-06,51.92309952,45.40220748,22.60837316,4.03532662
2023-09-07,51.36918048,44.68153752,22.58293238,4.04408004
2023-09-08,50.92422912,44.59256592,22.63381394,4.01781978
2023-09-11,51.24205152,44.80609776,22.5465628,4.01781978
2023-09-12,51.95034144,44.4413142,23.09626615,4.0265732
2023-09-13,51.759648,44.040942,23.07881525,4.04408004
2023-09-14,51.3510192,43.76513004,23.13116795,4.09660056
2023-09-15,50.66089056,43.7740272,23.1398934,4.05283346
2023-09-18,50.9423904,43.8629988,23.20097155,4.06158688
2023-09-19,50.8969872,43.84520448,23.6459695,4.09660056
2023-09-20,51.65976096,43.49821524,23.7506749,4.10535398
2023-09-21,51.14216448,43.14232884,23.2795006,4.10535398
2023-09-22,51.8050512,44.77940628,23.30567695,4.14912108
2023-09-25,51.42366432,43.64946696,23.209697,4.14036766
2023-09-26,50.851584,43.20460896,23.11371705,4.1141074
2023-09-27,51.02411616,43.29358056,23.23587335,4.0703403
2023-09-28,50.37939072,42.9732828,23.02646255,4.09660056
2023-10-09,50.63364864,42.76864812,23.1224425,4.08784714
2023-10-10,49.73466528,42.3504816,23.02646255,4.09660056
2023-10-11,49.73466528,42.43055604,22.9828353,4.13161424
2023-10-12,50.19777792,43.08894588,23.00901165,4.23665528
2023-10-13,49.93443936,42.67967652,22.8083263,4.28042238
2023-10-16,50.01616512,42.29709864,22.72979725,4.30668264
2023-10-17,50.74261632,42.42165888,22.7734245,4.30668264
2023-10-18,50.37031008,42.16364124,22.5989155,4.31543606
2023-10-19,49.24431072,40.9714218,22.0753885,4.22790186
2023-10-20,48.29084352,40.78458144,21.9008795,4.19288818
2023-10-23,48.354408,40.87355304,22.0579376,4.21914844
2023-10-24,48.29084352,41.0159076,22.08411395,4.16662792
2023-10-25,47.60071488,41.31547983,22.4244065,4.12286082
2023-10-26,47.68244064,41.4879681,22.64254275,4.19288818
2023-10-27,48.79935936,41.01589494,22.90430625,4.17538134
2023-10-30,49.489488,41.13391323,22.78214995,4.10535398
2023-10-31,48.05474688,41.27008818,22.86940445,4.14036766
2023-11-01,48.13647264,40.95234663,22.99156075,4.17538134
2023-11-02,48.29084352,40.90695498,22.99156075,4.18413476
2023-11-03,47.9457792,41.07036492,22.95665895,4.14912108
2023-11-06,48.25452096,41.81478798,22.5291119,4.12286082
2023-11-07,48.2181984,41.1248349,22.65999365,4.13161424
2023-11-08,47.9911824,40.51658679,22.5814646,4.12286082
2023-11-09,47.6279568,39.29101224,22.511661,4.18413476
2023-11-10,47.8549728,38.44672755,22.43313195,4.18413476
2023-11-13,46.36574784,38.48304087,22.29352475,4.16662792
2023-11-14,46.39298976,38.68276413,22.38077925,4.19288818
2023-11-15,46.80161856,39.36363888,22.4942101,4.19288818
2023-11-16,46.992312,38.91880071,22.3546029,4.2016416
2023-11-17,47.09219904,38.72815578,22.17136845,4.18413476
2023-11-20,47.60979552,38.95511403,22.511661,4.21039502
2023-11-21,47.6279568,39.10036731,22.511661,4.21039502
2023-11-22,47.3555376,38.79170409,22.53783735,4.2016416
2023-11-23,47.90945664,39.08221065,22.53783735,4.2016416
2023-11-24,47.65519872,38.75539077,22.7036209,4.2016416
2023-11-27,47.19208608,37.99281105,22.6163664,4.18413476
2023-11-28,47.70060192,37.82940111,22.7036209,4.19288818
2023-11-29,47.22840864,36.99419475,22.62509185,4.17538134
2023-11-30,46.91966688,37.0395864,22.7734245,4.21039502
2023-12-01,45.9026352,37.23930966,22.6338173,4.21039502
2023-12-04,45.48492576,36.65829654,22.6338173,4.2016416
2023-12-05,44.69491008,35.88663849,22.53783735,4.16662792
2023-12-06,44.65858752,35.88663849,22.6163664,4.1141074
2023-12-08,45.71194176,35.57797527,22.8432281,4.14036766
2023-12-11,46.32942528,35.9501868,22.50293555,4.14036766
2023-12-12,46.311264,36.12267507,22.5814646,4.19288818
2023-12-13,46.02976416,35.30562537,22.511661,4.19288818
2023-12-14,46.21137696,35.1331371,22.38077925,4.17538134
2023-12-15,45.70286112,35.21484207,22.1277412,4.14036766
2023-12-18,46.39298976,35.05143213,22.17136845,4.17538134
2023-12-19,46.084248,35.14221543,22.22372115,4.19288818
2023-12-20,46.33850592,34.90617885,22.0404867,4.19288818
2023-12-21,47.23748928,35.2239204,22.18881935,4.19288818
2023-12-22,47.91853728,35.4962703,22.2498975,4.18413476
2023-12-25,47.82773088,35.56889694,22.6687191,4.2016416
2023-12-26,47.9457792,35.4962703,22.8083263,4.21914844
2023-12-27,48.6722304,35.405487,23.0875407,4.22790186
2023-12-28,49.0808592,36.54935658,23.2969515,4.17538134
2023-12-29,49.60753632,36.5856699,23.30567695,4.18413476
2024-01-02,49.54397184,35.83216851,23.1747952,4.19288818
2024-01-03,49.4440848,35.7686202,23.1922461,4.23665528
2024-01-04,50.170536,35.3147037,23.23587335,4.28042238
2024-01-05,50.4883584,35.37825201,23.2969515,4.26291554
2024-01-08,49.94352,34.90617885,23.2445988,4.27166896
2024-01-09,50.09789088,34.84263054,23.16606975,4.27166896
2024-01-10,50.14329408,34.33424406,23.4540096,4.2454087
2024-01-11,49.94352,34.88802219,23.20097155,4.18413476
2024-01-12,49.94352,34.52488899,23.4714605,4.21039502
2024-01-15,50.74261632,34.65198561,23.7681258,4.25416212
2024-01-16,51.68700288,35.1331371,23.82920395,4.28042238
2024-01-17,51.18756768,34.50673233,23.65469495,4.23665528
2024-01-18,51.2148096,35.39640867,23.75940035,4.2454087
2024-01-19,50.97871296,35.5870536,23.6634204,4.28042238
2024-01-22,50.25226176,35.84124684,23.3144024,4.28042238
2024-01-23,51.19664832,35.73230688,23.733224,4.28042238
2024-01-24,51.93218016,36.46765161,23.9251839,4.35044974
2024-01-25,51.1694064,37.35732795,24.38763275,4.38546342
2024-01-26,52.22276064,37.44811125,24.605769,4.45549078
2024-01-29,53.29427616,37.20299634,24.6232199,4.51676472
2024-01-30,52.86748608,36.48580827,24.59704355,4.49050446
2024-01-31,52.894728,36.77631483,24.8151798,4.52551814
2024-02-01,53.40324384,36.5856699,24.82390525,4.49925788
2024-02-02,52.894728,36.4041033,24.5883181,4.52551814
2024-02-05,53.9844048,36.93064644,25.3910595,4.63055918
2024-02-06,54.4384368,37.72953948,25.6353721,4.65681944
2024-02-07,55.49179104,38.47396254,25.652823,4.57803866
2024-02-08,54.74717856,38.83709574,24.92861065,4.51676472
2024-02-19,55.0286784,38.79170409,25.57429395,4.61305234
2024-02-20,56.0275488,38.44672755,25.9843901,4.6830797
2024-02-21,56.03662944,39.57244047,25.99311555,4.73560022
2024-02-22,55.7097264,39.6723021,26.15017365,4.74435364
2024-02-23,54.13877568,40.00820031,25.9145865,4.79687416
2024-02-26,54.7562592,38.99142735,25.6877248,4.65681944
2024-02-27,56.22732288,39.14575896,25.64409755,4.6393126
2024-02-28,56.13651648,38.71907745,25.6179212,4.66557286
2024-02-29,56.87204832,38.9460357,25.4957649,4.66557286
2024-03-01,58.54288608,39.02774067,25.4259613,4.67432628
2024-03-04,58.6609344,38.43764922,25.7924302,4.65681944
2024-03-05,59.06048256,38.86433073,26.0890955,4.77936732
2024-03-06,58.57920864,38.5829025,25.6702739,4.6830797
2024-03-07,59.7506112,39.09128898,26.0192919,4.70933996
2024-03-08,60.0230304,38.92787904,25.55684305,4.71809338
2024-03-11,59.40554688,39.18207228,25.41723585,4.70058654
2024-03-12,58.23414432,39.77216373,24.9198852,4.5517784
2024-03-13,58.17966048,38.70092079,24.71919985,4.52551814
2024-03-14,58.570128,38.53751085,24.85880705,4.54302498
2024-03-15,58.13425728,38.56474584,24.96351245,4.56053182
2024-03-18,56.62687104,38.63737248,25.13802145,4.53427156
2024-03-19,56.8448064,37.97465439,24.9373361,4.5080113
2024-03-20,56.19100032,38.05635936,25.0943942,4.5517784
2024-03-21,54.9832752,38.15622099,24.9722379,4.56928524
2024-03-22,56.86296768,36.82170648,24.8326307,4.5955455
2024-03-25,57.1172256,36.71276652,24.6930235,4.63055918
2024-03-26,56.95377408,37.1303697,24.92861065,4.66557286
2024-03-27,57.81643488,36.90341145,22.57273915,4.69183312
2024-03-28,58.64277312,36.93972477,22.4942101,4.5955455
2024-03-29,58.31587008,37.04866473,22.90430625,4.62180576
2024-04-01,60.13199808,37.44811125,23.3144024,4.63055918
2024-04-02,60.15924,37.221153,23.42783325,4.67432628
2024-04-03,60.59511072,36.7672365,23.25332425,4.66557286
2024-04-08,59.31474048,36.51304326,23.3318533,4.7268468
2024-04-09,59.06048256,36.41318163,23.16606975,4.66557286
2024-04-10,59.17853088,35.5870536,23.2969515,4.67432628
2024-04-11,59.08772448,35.36009535,23.4540096,4.65681944
2024-04-12,58.92427296,34.29793074,23.44528415,4.65681944
2024-04-15,60.69499776,34.82447388,23.49763685,4.74435364
2024-04-16,62.02985184,34.75184724,23.56744045,4.78812074
2024-04-17,62.27502912,35.36009535,23.54998955,4.814381
2024-04-18,63.56448,36.0409701,24.082242,4.83188784
2024-04-19,63.56448,35.78677686,24.0647911,4.8581481
2024-04-22,63.54631872,36.15898839,24.02116385,4.79687416
2024-04-23,62.10249696,36.21345837,23.72449855,4.814381
2024-04-24,61.6575456,36.8580198,23.93390935,4.78812074
2024-04-25,61.96628736,37.27562298,23.907733,4.80562758
2024-04-26,62.08433568,37.70230449,24.17634,4.7268468
2024-04-29,61.9299648,38.20161264,24.086798,4.70933996
2024-04-30,63.36470592,37.54797288,24.1226148,4.75310706
2024-05-06,64.48162464,38.57382417,23.7465384,4.70058654
2024-05-07,64.5633504,38.66460747,23.5853628,4.7268468
2024-05-08,64.245528,38.08359435,23.8450346,4.73560022
2024-05-09,65.2443984,38.43764922,23.72863,4.70933996
2024-05-10,65.27164032,38.97327069,23.907714,4.7268468
2024-05-13,66.02533344,38.71907745,23.72863,4.73560022
2024-05-14,64.32725376,38.41041423,23.5137292,4.70058654
2024-05-15,66.12836416,37.98373272,23.1107902,4.70933996
2024-05-16,65.73022894,39.08221065,22.788439,4.73560022
2024-05-17,64.48842623,41.0340516,22.9943856,4.78812074
2024-05-20,63.10443237,41.27008818,23.2719658,4.77936732
2024-05-21,63.08547355,41.2156182,23.2630116,4.814381
2024-05-22,62.00482081,41.2156182,23.1555612,4.82313442
2024-05-23,62.31764134,40.65276174,22.8511184,4.80562758
2024-05-24,63.15182942,39.84479037,22.8690268,4.76186048
2024-05-27,64.07133219,40.0354353,23.2003322,4.79687416
2024-05-28,63.54048523,39.72677208,23.012294,4.80562758
2024-05-29,62.42191485,39.46350051,23.101836,4.78812074
2024-05-30,61.78679438,39.17299395,22.8421642,4.76186048
2024-05-31,61.38865916,39.10036731,22.6899428,4.75310706
2024-06-03,61.63512382,39.15483729,22.698897,4.76186048
2024-06-04,61.31282388,39.28193391,22.7615764,4.78812074
2024-06-05,60.59238872,39.10944564,22.4929504,4.77936732
2024-06-06,62.33660016,38.53751085,22.3138664,4.77936732
2024-06-07,61.76783556,38.23792596,22.2870038,4.83188784
2024-06-12,61.76783556,37.5842862,22.6809886,4.7268468
2024-06-13,60.59238872,37.4935029,22.7705306,4.75310706
2024-06-14,62.19440901,38.01096771,23.012294,4.814381
2024-06-17,61.17063273,37.74769614,22.6183092,4.75310706
2024-06-18,61.46449444,37.88387109,22.3317748,4.7706139
2024-06-19,60.668224,38.128986,22.2780496,4.814381
2024-06-20,61.11375627,37.68414783,21.7228892,4.83188784
2024-06-21,60.62082695,37.82940111,21.6870724,4.82313442
2024-06-24,61.50241208,37.9474194,21.400538,4.87565494
2024-06-25,61.89106789,37.72046115,21.400538,4.9019152
2024-06-26,60.90520925,37.81124445,21.4990342,4.92817546
2024-06-27,60.7630181,37.60244286,21.4094922,4.9894494
2024-06-28,61.1421945,37.54797288,21.2841334,4.9894494
2024-07-01,60.75353869,37.78400946,21.5527594,5.09449044
2024-07-02,59.720283,38.28331761,21.400538,5.22579174
2024-07-03,59.74872123,38.37410091,21.3199502,5.15576438
2024-07-04,61.2369886,38.11082934,20.9259654,5.21703832
2024-07-05,60.668224,37.33009296,20.952828,5.10324386
2024-07-08,60.88625043,37.07589972,20.6304768,5.15576438
2024-07-09,60.7630181,37.69322616,20.7916524,5.19953148
2024-07-15,61.55928854,38.61013749,21.355767,5.4271204
2024-07-16,60.92416807,37.39364127,21.2930876,5.42711668
2024-07-17,59.55913303,38.39225757,21.624393,5.44554492
2024-07-18,60.5734299,38.46488421,21.5527594,5.44554492
2024-07-19,60.2890476,39.06405399,21.6602098,5.44554492
2024-07-22,60.31748583,39.036819,21.6333472,5.38104608
2024-07-23,59.13255958,38.84617407,20.908057,5.53768612
2024-07-24,56.95229528,38.63737248,20.7379272,5.58375672
2024-07-25,56.3076954,38.64645081,20.9438738,5.58375672
2024-07-26,59.56861244,38.65586949,20.9707364,5.46397316
2024-07-29,59.60653008,38.87224452,20.2991714,5.51004376
2024-07-30,57.88127746,38.88165213,20.4245302,5.51925788
2024-07-31,60.44071816,40.03878816,20.6573394,5.3902602
2024-08-01,60.27008878,39.99175011,20.460347,5.41790256
2024-08-02,59.71080359,39.34262502,20.505118,5.41790256
2024-08-05,58.44056265,39.511962,20.2454462,5.40868844
2024-08-06,56.80062472,38.4771249,20.6662936,5.3441896
2024-08-07,57.5400187,38.2889727,20.7379272,5.36261784
2024-08-08,57.78648336,38.40186402,21.2393624,5.40868844
2024-08-09,57.3504305,38.20430421,20.9886448,5.45475904
2024-08-12,58.18461858,38.21371182,21.2304082,5.51925788
2024-08-13,58.16565976,38.36423358,21.0781868,5.528472
2024-08-14,57.7296069,38.09141289,20.0663622,5.54690024
2024-08-15,57.824401,38.87224452,20.6483852,5.5745426
2024-08-16,58.52587734,39.14506521,20.415576,5.65746968
2024-08-19,59.11360076,39.57781527,20.505118,5.77725324
2024-08-20,59.73924182,39.43670112,20.2185836,5.88782268
2024-08-21,59.87195356,39.48373917,20.4782554,5.8048956
2024-08-22,60.75353869,39.23914131,20.5767516,5.91546504
2024-08-23,62.05221786,40.78198935,20.7558356,5.95232152
2024-08-26,62.86744712,40.78198935,20.8722402,5.92467916
2024-08-27,62.55462659,40.59383715,20.8543318,6.01682036
2024-08-28,61.54980913,40.63146759,20.6125684,5.97996388
2024-08-29,60.62082695,40.09523382,20.5677974,5.73118264
2024-08-30,61.37917975,41.42170683,20.7916524,5.51004376
2024-09-02,61.83419143,40.87606545,20.8274692,5.47318728
2024-09-19,61.88158848,41.42170683,21.8222804,5.2059778
2024-09-20,62.62098246,41.53459815,21.693318,5.22440604
2024-09-23,64.0808116,41.47815249,21.5367208,5.27047664
2024-09-24,64.49790564,43.7453865,22.0341472,5.528472
2024-09-25,66.46014351,44.55444096,21.969666,5.56532848
2024-09-26,69.73053996,47.43316962,22.9737304,5.7127544
2024-09-27,69.199693,48.8254959,23.6461772,5.53768612
2024-09-30,72.10039246,53.70804549,24.9542244,5.69432616
2024-10-08,76.01538879,58.07317653,24.687088,5.63904144
2024-10-09,71.10505441,52.4003877,22.982942,5.56532848
2024-10-10,74.2237803,55.0345185,23.351406,5.77725324
2024-10-11,72.77343057,54.13138794,22.844768,5.77725324
2024-10-14,74.887339,55.19444787,23.0566348,5.96153564
2024-10-15,72.043516,53.80212159,22.6789592,5.76803912
2024-10-16,71.32308084,53.98086618,22.9184608,5.86018032
2024-10-17,69.27552828,53.623377,22.6881708,5.79568148
2024-10-18,71.10505441,54.67517292,22.8724028,5.82332384
2024-10-21,70.22346928,54.4074386,22.614478,5.67589792
2024-10-22,72.5174865,54.56042964,22.936884,5.65746968
2024-10-23,72.40373358,55.75567214,23.075058,5.65746968
2024-10-24,71.70225724,55.5548714,22.7710752,5.67589792
2024-10-25,71.35151907,55.1723938,22.6236896,5.63904144
2024-10-28,70.97234267,54.981155,22.522362,5.59297084
2024-10-29,70.21398987,55.10546022,22.384188,5.58375672
2024-10-30,68.96270775,53.51817818,23.2685016,5.53768612
2024-10-31,67.70194622,53.47036848,22.9184608,5.56532848
2024-11-01,68.48873725,53.6902931,22.890826,5.6666838
2024-11-04,69.04802244,54.47437218,22.936884,5.64825556
2024-11-05,69.32292533,56.1763975,23.1026928,5.6666838
2024-11-06,67.46496097,54.97159306,22.9737304,5.61139908
2024-11-07,68.3465461,58.17484296,23.6553888,5.6666838
2024-11-08,68.80155778,56.53018928,23.4343104,5.62982732
2024-11-11,67.8725756,55.8417296,23.2685016,5.56532848
2024-11-12,68.62144899,54.51261994,23.3882524,5.528472
2024-11-13,69.5788694,54.68473486,23.3698292,5.56532848
2024-11-14,69.80637524,54.503058,22.9645188,5.59297084
2024-11-15,68.48873725,53.3556252,22.9553072,5.5745426
2024-11-18,67.35120805,53.31737744,22.6881708,5.70354028
2024-11-19,67.59767271,53.17394834,22.7894984,5.6666838
2024-11-20,67.71142563,53.03051924,22.8631912,5.65746968
2024-11-21,67.15214044,53.05920506,22.9921536,5.64825556
2024-11-22,66.72556699,50.70696782,22.3197068,5.5745426
2024-11-25,66.72556699,50.26711858,22.2552256,5.59297084
2024-11-26,66.9246346,50.7260917,22.3289184,5.67589792
2024-11-27,67.60715212,51.2041887,22.4394576,5.7127544
2024-11-28,66.53597879,50.84083498,22.384188,5.70354028
2024-11-29,66.47910233,50.9173305,22.5776316,5.6666838
2024-12-02,66.43170528,51.64403794,22.9921536,5.64825556
2024-12-03,66.21367885,52.04563942,23.2316552,5.72196852
2024-12-04,67.76830209,51.56754242,23.48958,5.76803912
2024-12-05,67.98632852,51.32849392,23.397464,5.76803912
2024-12-06,69.05750185,52.70541328,23.4803684,5.82332384
2024-12-09,69.32292533,52.42811702,23.6830236,5.82332384
2024-12-10,69.99596344,53.18351028,23.397464,5.91546504
2024-12-11,71.1903691,52.4950506,23.71987,5.81410972
2024-12-12,71.62642196,53.14526252,23.9409484,5.91546504
2024-12-13,70.147634,51.38586556,23.5172148,5.88782268
2024-12-16,69.40824002,50.79302528,24.0606992,6.01682036
2024-12-17,69.83481347,50.68784394,23.95016,5.99839212
2024-12-18,70.2424281,50.62091036,24.134392,6.07210508
2024-12-19,70.56472804,50.57310066,24.1620268,5.97996388
2024-12-20,70.147634,50.31492828,23.9777948,6.01682036
2024-12-23,70.72587801,50.7739014,23.7935628,6.1734604
2024-12-24,72.28050125,51.42411332,24.042276,6.24717336
2024-12-25,71.60746314,51.5388566,24.1988732,6.39459928
2024-12-26,72.02455718,51.1085693,24.0330644,6.38538516
2024-12-27,71.49371022,50.93645438,24.1620268,6.37617104
2024-12-30,71.39891612,51.5388566,24.088334,6.4038134
2024-12-31,71.30412202,50.3436141,23.9133136,6.37617104
2025-01-02,71.39891612,48.48859774,23.7843512,6.2656016
2025-01-03,70.80171329,48.0965582,23.9133136,6.18267452
2025-01-06,71.45579258,48.13480596,23.6461772,6.219531
2025-01-07,71.97716013,47.97225298,23.7290816,6.29480832
2025-01-08,73.54126278,48.0965582,24.0606992,6.36067328
2025-01-09,74.63139493,47.62802314,23.6185424,6.31362688
2025-01-10,72.39425417,46.8056963,23.305348,6.27598976
2025-01-13,70.4320163,46.46146646,22.936884,6.2101248
2025-01-14,70.73535742,47.19773584,23.1303276,6.21953408
2025-01-15,69.97700462,46.95868734,23.0382116,6.23835264
2025-01-16,70.23294869,47.0925545,22.8724028,6.28539904
2025-01-17,70.47941335,47.21685972,23.2500784,6.21953408
2025-01-20,70.99130149,47.62802314,23.3145596,6.18189696
2025-01-21,70.5268104,47.7140806,23.4158872,6.1630784
2025-01-22,69.199693,46.8056963,23.167174,6.05957632
2025-01-23,69.58834881,48.16349178,23.0382116,6.26658048
2025-01-24,69.02906362,48.63202684,23.4250988,6.27598976
2025-01-27,70.03388108,48.6224649,24.2817776,6.41712896
2025-02-05,68.45081961,47.54196568,23.7843512,6.29480832
2025-02-06,68.50769607,48.0487485,23.1395392,6.29480832
2025-02-07,69.61678704,48.65115072,23.3237712,6.29480832
2025-02-10,69.20917241,48.6702746,23.075058,6.27598976
2025-02-11,69.8632517,48.30692088,22.8355564,6.41712896
2025-02-12,69.46511648,48.84238952,23.0382116,6.4924032
2025-02-13,68.38446374,48.78501788,23.4527336,6.54885888
2025-02-14,68.71624309,49.4352298,23.7475048,6.57708672
2025-02-17,68.28966964,49.56909696,23.6369656,6.54885888
2025-02-18,68.1569579,49.06231414,23.8856788,6.67117952
2025-02-19,67.73038445,49.1961813,23.904102,6.6335424
2025-02-20,67.52183743,48.55553132,24.0606992,6.66177024
2025-02-21,66.91515519,48.9571328,23.9133136,6.52063104
2025-02-24,67.19953749,49.722088,24.272566,6.48299392
2025-02-25,65.43636723,48.74677012,24.2817776,6.45476608
2025-02-26,66.46962292,49.35873428,24.6778764,6.47358464
2025-02-27,68.70676368,49.35873428,24.8160504,6.52063104
2025-02-28,69.24709005,48.17305372,24.7607808,6.46417536
2025-03-03,67.303811,48.12524402,25.10161,6.4453568
2025-03-04,68.22331377,47.88619552,24.9265896,6.37949184
2025-03-05,68.01476675,48.17305372,24.7423576,6.46417536
2025-03-06,67.43652274,49.37785816,24.5304908,6.42653824
2025-03-07,67.10474339,49.243991,24.3094124,6.3983104
2025-03-10,67.37016687,49.0049425,24.64103,6.34185472
2025-03-11,67.23745513,49.243991,24.8160504,6.37949184
2025-03-12,66.4506641,48.9093231,24.4199516,6.32303616
2025-03-13,66.36534941,48.89976116,24.2909892,6.33244544
2025-03-14,68.12851967,51.12769318,24.4291632,6.351264
2025-03-17,68.13799908,51.04163572,24.2541428,6.40771968
2025-03-18,71.07661618,51.40498944,23.9225252,6.3983104
2025-03-19,72.52696591,51.70140958,23.9870064,6.46417536
2025-03-20,71.25672497,50.19062306,23.8764672,6.43594752
2025-03-21,71.36099848,49.4830395,23.9317368,6.36067328
2025-03-24,72.10039246,49.84639322,23.9317368,6.41712896
2025-03-25,72.85874526,49.68384024,24.1988732,6.4453568
2025-03-26,72.79238939,49.45435368,24.1251804,6.42653824
2025-03-27,72.5174865,49.77945964,24.5397024,6.46417536
2025-03-28,72.86822467,49.68384024,24.7055112,6.47358464
2025-03-31,74.4133685,49.36829622,24.8436852,6.48299392
2025-04-01,71.46527199,49.35873428,25.239784,6.3983104
2025-04-02,72.00559836,49.58822084,24.9265896,6.4453568
2025-04-03,69.54095176,49.22486712,25.239784,6.48299392
2025-04-07,63.68267638,46.43278064,24.5765488,6.36067328
2025-04-08,66.57389643,47.10211644,25.10161,6.41712896
2025-04-09,66.04304947,46.78657242,25.4884972,6.3983104
2025-04-10,67.38912569,47.31247912,25.377958,6.351264
2025-04-11,66.82036109,47.1881739,25.3134768,6.3983104
2025-04-14,66.28003472,47.31247912,25.3226884,6.46417536
2025-04-15,67.75882268,47.64714702,25.516132,6.54885888
2025-04-16,67.303811,47.69495672,25.7556336,6.64295168
2025-04-17,67.25641395,47.96269104,25.3319,6.6335424
2025-04-18,67.22797572,48.23042536,25.0739752,6.71822592
2025-04-21,67.67350799,48.07743432,25.0463404,6.6335424
2025-04-22,67.98632852,48.35473058,25.0187056,6.7276352
2025-04-23,68.10956085,48.4790358,24.7515692,6.68999808
2025-04-24,69.15229595,48.97625668,24.9542244,6.81231872
2025-04-25,68.96270775,49.08143802,24.6502416,6.78409088
2025-04-28,69.41771943,48.96669474,24.7423576,6.85936512
2025-04-29,70.3372222,48.765894,24.6962996,6.84054656
2025-04-30,69.78741642,48.48859774,23.6727966,6.59590528
2025-05-06,70.19503105,48.5746552,23.4643092,6.56767744
2025-05-07,70.48889276,48.93800892,23.4927393,6.68999808
2025-05-08,71.095575,49.68384024,23.4264024,6.68999808
2025-05-09,71.8539278,49.4830395,23.4643092,6.74645376
2025-05-12,72.59332178,50.2958044,23.5116927,6.73704448
2025-05-13,73.09573051,50.16193724,23.69175,6.80290944
2025-05-14,73.07677169,52.29424986,23.4737859,6.80290944
2025-05-15,72.5174865,51.8735245,23.3695422,6.84054656
2025-05-16,72.6122806,51.05119766,23.2558218,6.73704448
2025-05-19,73.54126278,50.9651402,23.3695422,6.69940736
2025-05-20,74.57451847,51.32849392,23.3979723,6.70881664
2025-05-21,74.6977508,51.4910469,23.502216,6.71822592
2025-05-22,75.22859776,51.48148496,23.4453558,6.69940736
2025-05-23,74.78306549,50.89820662,23.2937286,6.66177024
2025-05-26,74.19534207,51.0607596,23.123148,6.6335424
2025-05-27,74.39440968,51.0607596,23.0094276,6.64295168
2025-05-28,75.19068012,50.95557826,23.1421014,6.6335424
2025-05-29,74.86838018,51.17550288,23.0757645,6.62413312
2025-05-30,74.94421546,50.94601632,23.0757645,6.65236096
2025-06-03,71.95820131,51.4910469,23.2463451,6.68999808
2025-06-04,71.62642196,51.40498944,23.4264024,6.66177024
2025-06-05,71.33256025,51.62491406,23.3221587,6.67117952
2025-06-06,71.7591337,51.07032154,23.3790189,6.6805888
2025-06-09,71.4747514,51.36674168,23.3979723,6.66177024
2025-06-10,71.14297205,51.08944542,23.4548325,6.6805888
2025-06-11,71.56006609,52.07432524,23.596983,6.69940736
2025-06-12,71.7488944,52.40899314,23.5590762,6.68999808
2025-06-13,71.03339296,52.09344912,23.3505888,6.67117952
2025-06-16,70.81476752,51.94045808,23.217915,6.71822592
2025-06-17,71.60976912,51.85440062,23.217915,6.74645376
2025-06-18,71.6495192,51.45279914,23.2273917,6.821728
2025-06-19,70.88433016,50.8695208,23.1705315,6.8687744
2025-06-20,71.92776976,52.34205956,23.312682,6.93463936
2025-06-23,71.27189344,52.6862894,22.8672771,7.07577856
2025-06-24,72.3451456,54.30225726,23.2558218,7.17928064
2025-06-25,72.72277136,55.34450872,23.2463451,7.21691776
2025-06-26,72.6432712,55.05765052,23.1989616,7.26396416
2025-06-27,71.82839456,54.46481024,23.1800082,7.05696
2025-06-30,71.7488944,54.5828884,23.1326247,7.14164352
2025-07-01,71.65945672,54.799331,23.2084383,7.20750848
2025-07-02,72.04702,54.9075523,23.312682,7.22632704
2025-07-03,72.43458328,54.897714,23.2463451,7.18868992
2025-07-04,73.02089696,55.6552631,23.3221587,7.292192
2025-07-07,72.0967076,55.5175269,23.3032053,7.27337344
2025-07-08,71.76876944,55.5372035,23.312682,7.30160128
2025-07-09,71.3513936,54.996097,23.3316354,7.3862848
2025-07-10,71.23214336,56.2062079,23.407449,7.60269824
2025-07-11,72.02714496,56.7768293,23.5590762,7.53683328
2025-07-14,72.6432712,56.6390931,23.6443665,7.52723104
2025-07-15,72.75258392,56.176693,23.5590762,7.4888268
2025-07-16,72.43458328,55.9110589,23.5875063,7.4888268
2025-07-17,72.17620776,55.8913823,23.6443665,7.4408215
2025-07-18,72.37495816,56.1471781,23.7770403,7.46002362
2025-07-21,72.0967076,56.2652377,23.9950044,7.3928162
2025-07-22,72.73270888,55.783161,24.260352,7.2968056
2025-07-23,73.040772,57.06214,24.0992481,7.3448109
2025-07-24,73.05070952,57.6917912,24.0423879,7.2488003
2025-07-25,72.30539552,57.1408464,23.7486102,7.19119394
2025-07-28,71.49051888,59.1183447,23.7675636,7.19119394
2025-07-29,70.79489248,58.5280467,23.6822733,7.13358758
2025-07-30,71.65945672,59.7283193,23.7296568,7.19119394
2025-07-31,69.75145288,57.7409827,23.3884956,7.25840136
2025-08-01,70.34770408,57.258906,23.4548325,7.31600772
2025-08-19,72.22589536,57.258906,23.9002374,7.26800242
2025-08-20,71.76876944,58.242736,24.070818,7.26800242
2025-08-21,71.47064384,58.6559446,24.1182015,7.2968056
2025-08-22,71.63958168,59.521715,24.05014757,7.32560878
2025-08-25,73.06064704,60.01363,24.47805153,7.28720454
2025-08-26,73.3388976,59.5413916,24.41970099,7.2488003
2025-08-27,72.25570792,57.7409827,24.13767338,7.11438546
2025-08-28,73.040772,57.8885572,24.06959775,7.08558228
2025-08-29,73.24945992,58.9117404,24.52667698,7.13358758
2025-09-01,73.56746056,57.5638933,24.90595549,7.08558228
2025-09-02,75.68415232,57.7114678,24.78925441,7.26800242
2025-09-03,75.14752624,56.8456974,24.40025081,7.14318864
2025-09-04,75.11771368,56.570225,24.59475261,7.23919924
2025-09-05,75.74377744,56.963757,24.80870459,7.14318864
2025-09-08,76.54871656,56.766991,24.87678022,7.1047844
2025-09-09,76.69777936,57.06214,25.08100711,7.13358758
2025-09-10,76.53877904,56.9342421,24.94485585,7.17199182
2025-09-11,76.53877904,57.7409827,25.16853292,7.21039606
2025-09-12,75.09783864,56.7473144,25.00320639,7.18159288
2025-09-15,74.70033784,56.4029739,24.87678022,7.13358758
2025-09-16,73.99477392,55.7044546,24.65310315,7.1527897
2025-09-17,73.8854612,55.6552631,24.51695189,7.16239076
2025-09-18,73.27927248,54.3861224,24.36135045,6.99917274
2025-09-19,73.8854612,54.209033,24.38080063,6.9127632
2025-09-22,72.80227152,54.2582245,24.13767338,6.89356108
2025-09-23,73.07058456,54.1303266,24.312725,7.1047844
2025-09-24,73.6370232,54.3959607,24.27382464,7.17199182
2025-09-25,72.38489568,54.1991947,24.01124721,7.08558228
2025-09-26,73.7363984,54.3270926,24.0209723,7.11438546
2025-09-29,73.26933496,55.1043183,24.08904793,7.03757698
2025-09-30,72.20602032,54.2188713,24.05987266,7.0087738
2025-10-09,72.17620776,54.1500032,24.04042248,7.01837486
2025-10-10,72.37495816,54.6419182,24.14739847,7.01837486
2025-10-13,71.36133112,54.209033,24.0209723,6.97997062
2025-10-14,72.1463952,55.5667184,24.30299991,7.200795
2025-10-15,72.46439584,56.8752123,24.45860135,7.16239076
2025-10-16,72.72277136,57.0818166,24.7017286,7.32560878
2025-10-17,72.3451456,56.3537824,24.66282824,7.31600772
2025-10-20,72.41470824,56.963757,24.58502752,7.30640666
2025-10-21,72.45445832,57.1408464,24.65310315,7.33520984
2025-10-22,73.41839776,57.2687443,24.72117878,7.45042256
2025-10-23,74.42208728,57.8000125,24.84760495,7.52723104
2025-10-24,74.14383672,57.88,24.61420279,7.52723104
2025-10-27,74.41214976,57.75,24.69200351,7.59443846
2025-10-28,73.94508632,57.76,24.45860135,7.67124694
2025-10-29,73.9351488,58.95,24.71145369,7.51762998
2025-10-30,74.8295256,58.65,24.75035405,7.52723104
2025-10-31,75.9226528,57.83,25.03238166,7.46962468
2025-11-03,74.91896328,58.31,25.30468418,7.5848374
2025-11-04,74.69040032,58.94,25.40193508,7.80566178
2025-11-05,75.46552688,58.32,25.15880783,7.81526284
2025-11-06,76.54871656,58.9,25.3824849,7.76725754
2025-11-07,75.7239024,58.89,25.47001071,7.7288533
2025-11-10,76.84684216,59.3,26.08269138,7.79606072
2025-11-11,76.74746696,59.2,26.10214156,7.83446496
2025-11-12,78.99334648,60.03,26.0632412,7.86326814
2025-11-13,79.1026592,60.88,26.17994228,7.88247026
2025-11-14,78.73497096,60.65,26.15076701,7.9208745
2025-11-17,77.93003184,59.83,26.30636845,7.84406602
2025-11-18,77.4,59.62,26.40361935,7.8728692
2025-11-19,77.4,60.37,26.6467466,7.90167238
2025-11-20,77.94,60.2,26.5494957,7.94007662
2025-11-21,78.75,58.91,26.48142007,7.9208745
2025-11-24,78.56,58.4,26.43279462,7.8728692
2025-11-25,78.7,59.47,26.4522448,7.97848086
2025-11-26,79.8,59.78,26.18966737,7.83446496
2025-11-27,79.8,59.34,26.3549939,7.83446496
2025-11-28,79.86,58.99,26.24801791,7.78645966
2025-12-01,80,58.63,26.48142007,7.76725754
2025-12-02,81.56,58.8,26.82179822,7.76725754
2025-12-03,82.17,58.35,26.5494957,7.7288533
2025-12-04,81.89,58.55,26.01461575,7.7288533
2025-12-05,82.23,61.99,26.07296629,7.67124694
2025-12-08,81.81,63.4,25.88818958,7.67124694
2025-12-09,80.2,62.45,25.73258814,7.7768586
2025-12-10,80.07,62.55,25.91736485,7.62324164
2025-12-11,79.3,62.53,25.82983904,7.680848
2025-12-12,79.32,63.91,25.82011395,7.65204482
2025-12-15,80.41,67.08,26.01461575,7.63250213
2025-12-16,79.96,67,26.11186665,7.61295667
2025-12-17,80.47,68.05,26.4522448,7.63250213
2025-12-18,79.83,68.5,26.31609354,7.80841127
2025-12-19,79.45,68.75,26.38416917,7.70091124
2025-12-22,79.16,68.54,26.04379102,7.71068397
2025-12-23,79.65,69.49,26.15076701,7.74000216
2025-12-24,78.8,69.03,25.98544048,7.73022943
2025-12-25,78.59,70.8,26.08269138,7.68136578
2025-12-26,78.87,71.16,25.88818958,7.63250213
2025-12-29,78.41,69.88,25.84928922,7.69113851
2025-12-30,78.85,68.8,25.99516557,7.67159305
2025-12-31,78.15,68.4,25.74231323,7.74977489
